timestamp,LU1,LU2,LU3,LU4,LU5,LU6,LU7,GX1-X,GX1-Y,GX2-X,GX2-Y,GX3-X,GX3-Y
02/09/2022 00:17,1063.422,1063.4644,943.492,984.1824,1039.3479,1020.4056,849.1347,0.8882,-0.2443,2.8342,-0.1279,0.8882,-0.2443
02/09/2022 00:27,1063.4125,1063.4802,943.1762,984.1992,1039.3607,1020.428,849.1458,0.888,-0.2443,2.8344,-0.1279,0.888,-0.2443
02/09/2022 00:38,1063.395,1063.4862,943.4261,984.2291,1039.3806,1020.4283,849.1553,0.8882,-0.2443,2.8348,-0.1279,0.8882,-0.2443
02/09/2022 00:48,1063.3615,1063.4669,944.1618,984.1678,1039.3142,1020.304,849.0369,0.8882,-0.2443,2.8351,-0.1279,0.8882,-0.2443
02/09/2022 00:58,1063.3813,1063.4653,943.5153,984.1863,1039.3691,1020.3998,849.0646,0.888,-0.2443,2.8346,-0.1279,0.888,-0.2443
02/09/2022 01:08,1063.3608,1063.4241,943.5936,984.208,1039.3605,1020.33,849.0261,0.8882,-0.2443,2.8342,-0.1279,0.8882,-0.2443
02/09/2022 01:19,1063.3335,1063.4219,943.7334,984.1671,1039.3365,1020.2878,848.9678,0.8886,-0.2443,2.8351,-0.1279,0.8886,-0.2443
02/09/2022 01:29,1063.3438,1063.4125,943.6701,984.196,1039.361,1020.3379,848.9847,0.8884,-0.2443,2.8355,-0.1279,0.8884,-0.2443
02/09/2022 01:39,1063.3501,1063.4503,943.6512,984.2487,1039.4133,1020.4397,848.9969,0.8882,-0.2443,2.8348,-0.1279,0.8882,-0.2443
02/09/2022 01:49,1063.2971,1063.415,943.5269,984.207,1039.3646,1020.3128,848.9178,0.8882,-0.2443,2.8344,-0.1279,0.8882,-0.2443
02/09/2022 02:00,1063.311,1063.431,944.1394,984.1959,1039.3588,1020.2988,848.9143,0.8884,-0.2443,2.8342,-0.1279,0.8884,-0.2443
02/09/2022 02:10,1063.3059,1063.4126,943.5755,984.2436,1039.3894,1020.2945,848.9233,0.8891,-0.2443,2.8348,-0.1279,0.8891,-0.2443
02/09/2022 02:20,1063.3009,1063.3855,943.1948,984.2626,1039.4087,1020.2609,848.8948,0.8889,-0.2443,2.8346,-0.1279,0.8889,-0.2443
02/09/2022 02:31,1063.2473,1063.3324,943.6418,984.1873,1039.3396,1020.167,848.7961,0.8886,-0.2443,2.8348,-0.1279,0.8886,-0.2443
02/09/2022 02:51,1063.2578,1063.2738,943.6856,984.2045,1039.3853,1020.0312,848.7562,0.8889,-0.2443,2.8344,-0.1279,0.8889,-0.2443
02/09/2022 03:01,1063.172,1063.2238,943.5055,984.2242,1039.3362,1019.963,848.625,0.8889,-0.2443,2.8339,-0.1279,0.8889,-0.2443
02/09/2022 03:12,1063.1578,1063.1938,944.0229,984.2178,1039.3225,1020.0104,848.6085,0.8889,-0.2443,2.8337,-0.1279,0.8889,-0.2443
02/09/2022 03:22,1063.1523,1063.16,943.7973,984.3049,1039.3364,1020.0134,848.5922,0.8886,-0.2443,2.8337,-0.1279,0.8886,-0.2443
02/09/2022 03:32,1063.1125,1063.1462,943.7099,984.2081,1039.3105,1019.9264,848.49,0.8889,-0.2443,2.8339,-0.1279,0.8889,-0.2443
02/09/2022 03:43,1063.1082,1063.1439,943.8746,984.2394,1039.3313,1019.9174,848.4832,0.8886,-0.2443,2.8335,-0.1279,0.8886,-0.2443
02/09/2022 04:03,1063.0588,1063.1101,944.0948,984.2248,1039.3267,1019.9255,848.4136,0.8889,-0.2443,2.8321,-0.1279,0.8889,-0.2443
02/09/2022 04:13,1063.0187,1063.1283,943.8938,984.2262,1039.3658,1019.9821,848.3792,0.8886,-0.2443,2.8326,-0.1279,0.8886,-0.2443
02/09/2022 04:24,1063.0192,1063.1534,944.0428,984.2493,1039.4067,1020.1597,848.4152,0.8889,-0.2443,2.8333,-0.1279,0.8889,-0.2443
02/09/2022 04:34,1062.9968,1063.1191,943.1767,984.229,1039.4045,1020.0998,848.3531,0.8889,-0.2443,2.8333,-0.1279,0.8889,-0.2443
02/09/2022 04:44,1062.9817,1063.0779,943.6236,984.1854,1039.3807,1019.9997,848.267,0.8893,-0.2443,2.8335,-0.1279,0.8893,-0.2443
02/09/2022 04:54,1063.0044,1063.0381,943.2799,984.1531,1039.3724,1019.9984,848.2022,0.8898,-0.2443,2.8328,-0.1279,0.8898,-0.2443
02/09/2022 05:05,1062.9867,1062.989,943.2753,984.0995,1039.329,1019.9243,848.1187,0.8889,-0.2443,2.833,-0.1279,0.8889,-0.2443
02/09/2022 05:15,1062.9502,1062.9673,943.6184,984.1672,1039.3768,1019.9425,848.0565,0.8898,-0.2443,2.8335,-0.1279,0.8898,-0.2443
02/09/2022 05:25,1062.9048,1062.8894,943.9526,984.1756,1039.3873,1019.9273,848.0626,0.8907,-0.2443,2.8328,-0.1279,0.8907,-0.2443
02/09/2022 05:36,1062.8778,1062.8414,943.2947,984.1296,1039.3708,1019.8967,847.9836,0.8891,-0.2443,2.8333,-0.1279,0.8891,-0.2443
02/09/2022 05:56,1062.8475,1062.7161,943.4872,984.0523,1039.3812,1019.7643,847.8735,0.8891,-0.2443,2.8333,-0.1279,0.8891,-0.2443
02/09/2022 06:06,1062.8423,1062.6515,943.1952,984.0212,1039.3888,1019.7942,847.8243,0.8891,-0.2443,2.8323,-0.1279,0.8891,-0.2443
02/09/2022 06:17,1062.8987,1062.5465,943.4908,983.9429,1039.3092,1019.6574,847.7458,0.8898,-0.2443,2.8323,-0.1279,0.8898,-0.2443
02/09/2022 06:27,1062.9154,1062.4941,944.014,983.9586,1039.2957,1019.608,847.6467,0.8895,-0.2443,2.8333,-0.1279,0.8895,-0.2443
02/09/2022 06:37,1062.9211,1062.4404,943.2761,983.8762,1039.2639,1019.602,847.7498,0.8898,-0.2443,2.833,-0.1279,0.8898,-0.2443
02/09/2022 06:48,1062.9414,1062.3669,943.7857,983.8287,1039.2054,1019.507,847.6175,0.8898,-0.2443,2.8326,-0.1279,0.8898,-0.2443
02/09/2022 06:58,1063.0701,1062.2936,943.4575,983.7149,1039.1953,1019.5316,847.5522,0.8895,-0.2443,2.833,-0.1279,0.8895,-0.2443
02/09/2022 07:08,1063.2533,1061.9469,943.4831,983.3378,1038.8203,1019.2388,847.1892,0.8898,-0.2443,2.8328,-0.1279,0.8898,-0.2443
02/09/2022 07:18,1063.6146,1061.4771,943.191,982.8661,1038.3644,1018.8816,846.7799,0.8895,-0.2443,2.833,-0.1279,0.8895,-0.2443
02/09/2022 07:29,1064.116,1061.1235,943.6883,982.5089,1038.0306,1018.5518,846.4891,0.8895,-0.2443,2.833,-0.1279,0.8895,-0.2443
02/09/2022 07:39,1064.7052,1060.9922,943.2235,982.4006,1037.9288,1018.4991,846.4258,0.8889,-0.2443,2.8335,-0.1279,0.8889,-0.2443
02/09/2022 07:49,1065.1338,1060.8395,943.1752,982.1359,1037.7367,1018.46,846.4552,0.8893,-0.2443,2.8326,-0.1279,0.8893,-0.2443
02/09/2022 07:59,1065.6407,1060.8749,943.7453,982.2307,1037.7754,1018.4984,846.5201,0.8886,-0.2443,2.8321,-0.1279,0.8886,-0.2443
02/09/2022 08:10,1066.1199,1060.946,943.4685,982.2374,1037.8253,1018.5704,846.6635,0.8889,-0.2443,2.8333,-0.1279,0.8889,-0.2443
02/09/2022 08:20,1066.3563,1060.6844,943.4354,981.9161,1037.5784,1018.3541,846.4376,0.8893,-0.2443,2.8333,-0.1279,0.8893,-0.2443
02/09/2022 08:30,1066.121,1060.5935,944.0765,981.692,1037.5118,1018.3269,846.34,0.8889,-0.2443,2.8337,-0.1279,0.8889,-0.2443
02/09/2022 08:41,1066.0778,1060.6946,943.2761,981.6748,1037.6292,1018.4649,846.5272,0.8893,-0.2443,2.8337,-0.1279,0.8893,-0.2443
02/09/2022 08:51,1066.2289,1060.7594,943.7832,981.7158,1037.861,1018.5817,846.6281,0.8895,-0.2443,2.8333,-0.1279,0.8895,-0.2443
02/09/2022 09:01,1066.3418,1060.9471,943.6991,981.8344,1038.2603,1018.8262,846.8745,0.8895,-0.2443,2.8337,-0.1279,0.8895,-0.2443
02/09/2022 09:11,1065.6521,1061.2267,943.762,982.0862,1038.7445,1019.1458,847.1678,0.8886,-0.2443,2.8339,-0.1279,0.8886,-0.2443
02/09/2022 09:22,1065.3593,1061.1105,944.0071,981.8361,1038.7598,1019.1288,847.075,0.8889,-0.2443,2.8335,-0.1279,0.8889,-0.2443
02/09/2022 09:32,1065.0244,1061.168,944.0466,981.8356,1038.8519,1019.3021,847.1202,0.8884,-0.2443,2.8333,-0.1279,0.8884,-0.2443
02/09/2022 09:42,1064.7493,1061.3285,943.2226,981.9396,1039.087,1019.6577,847.3599,0.8889,-0.2443,2.8342,-0.1279,0.8889,-0.2443
02/09/2022 09:52,1064.7106,1060.8329,944.1644,981.7474,1039.0247,1019.6729,847.2864,0.8884,-0.2443,2.8346,-0.1279,0.8884,-0.2443
02/09/2022 10:03,1065.0691,1060.9446,943.8205,981.8139,1039.1921,1020.0282,847.5579,0.8882,-0.2443,2.8344,-0.1279,0.8882,-0.2443
02/09/2022 10:13,1065.1438,1061.0176,943.7321,981.8367,1039.2609,1020.2324,847.6907,0.888,-0.2443,2.8348,-0.1279,0.888,-0.2443
02/09/2022 10:23,1065.577,1061.2468,944.0109,982.0436,1039.4996,1020.6237,848.0044,0.888,-0.2443,2.8348,-0.1279,0.888,-0.2443
02/09/2022 10:34,1065.946,1061.3054,943.889,982.0041,1039.4543,1020.6843,848.0812,0.8884,-0.2443,2.8353,-0.1279,0.8884,-0.2443
02/09/2022 10:44,1065.3302,1061.6123,943.6362,982.2084,1039.6812,1021.1371,848.5055,0.8875,-0.2443,2.8362,-0.1279,0.8875,-0.2443
02/09/2022 10:54,1065.4384,1061.8688,943.9759,982.3479,1039.8324,1021.3582,848.6423,0.8877,-0.2443,2.8351,-0.1279,0.8877,-0.2443
02/09/2022 11:04,1064.5419,1061.9187,943.6108,982.5483,1040.0652,1021.7126,848.9313,0.8875,-0.2443,2.8353,-0.1279,0.8875,-0.2443
02/09/2022 11:15,1065.3364,1062.1304,944.1256,982.5307,1040.0925,1021.8435,849.1168,0.8871,-0.2443,2.8353,-0.1279,0.8871,-0.2443
02/09/2022 11:25,1065.307,1062.4089,943.9689,982.5969,1040.1411,1021.9543,849.0903,0.8873,-0.2443,2.8355,-0.1279,0.8873,-0.2443
02/09/2022 11:35,1065.3754,1062.5503,943.2925,982.8578,1040.322,1022.2259,849.24,0.8871,-0.2443,2.8353,-0.1279,0.8871,-0.2443
02/09/2022 11:45,1065.5361,1062.6982,944.0564,982.8791,1040.3251,1022.2635,849.3127,0.8871,-0.2443,2.8353,-0.1279,0.8871,-0.2443
02/09/2022 11:56,1065.2891,1063.0383,943.8423,983.1043,1040.6016,1022.6335,849.5588,0.8866,-0.2443,2.8355,-0.1279,0.8866,-0.2443
02/09/2022 12:06,1064.7102,1062.9576,943.594,983.1403,1040.6279,1022.7073,849.6844,0.8862,-0.2443,2.8355,-0.1279,0.8862,-0.2443
02/09/2022 12:16,1065.1626,1063.1553,943.3154,983.0412,1040.5817,1022.6657,849.6398,0.8862,-0.2443,2.8355,-0.1279,0.8862,-0.2443
02/09/2022 12:27,1065.1957,1063.2815,943.5978,983.132,1040.647,1022.7355,849.7298,0.8862,-0.2443,2.836,-0.1279,0.8862,-0.2443
02/09/2022 12:37,1065.3573,1063.3901,943.7185,983.1616,1040.6155,1022.7164,849.7101,0.8862,-0.2443,2.836,-0.1279,0.8862,-0.2443
02/09/2022 12:47,1065.3323,1063.6293,944.1307,983.3145,1040.8082,1022.9329,849.9069,0.886,-0.2443,2.8355,-0.1279,0.886,-0.2443
02/09/2022 12:57,1065.0771,1063.8446,943.3303,983.3096,1040.7246,1022.8867,849.9177,0.8862,-0.2443,2.8366,-0.1279,0.8862,-0.2443
02/09/2022 13:08,1065.3838,1063.9755,943.95,983.5478,1040.9719,1023.0668,850.0701,0.8864,-0.2443,2.8362,-0.1279,0.8864,-0.2443
02/09/2022 13:18,1065.3248,1064.1294,943.6025,983.6449,1040.9491,1022.9912,850.1438,0.8855,-0.2443,2.8366,-0.1279,0.8855,-0.2443
02/09/2022 13:28,1065.2847,1064.343,944.1657,983.6411,1041.1414,1023.1349,850.1265,0.8855,-0.2443,2.8362,-0.1279,0.8855,-0.2443
02/09/2022 13:38,1065.6309,1064.755,943.9168,983.7213,1041.2343,1023.3809,850.3653,0.8853,-0.2443,2.836,-0.1279,0.8853,-0.2443
02/09/2022 13:49,1065.1293,1064.7039,943.9014,983.7823,1041.2917,1023.2656,850.2759,0.8857,-0.2443,2.8366,-0.1279,0.8857,-0.2443
02/09/2022 13:59,1065.0393,1064.8073,943.4252,983.9831,1041.2141,1023.0054,850.1484,0.8857,-0.2443,2.8362,-0.1279,0.8857,-0.2443
02/09/2022 14:09,1065.017,1064.7421,943.8467,983.7763,1041.2181,1023.1932,850.2098,0.8855,-0.2443,2.8362,-0.1279,0.8855,-0.2443
02/09/2022 14:20,1065.4404,1065.1433,944.103,984.1427,1041.4243,1023.2897,850.359,0.8853,-0.2443,2.8362,-0.1279,0.8853,-0.2443
02/09/2022 14:30,1065.1703,1065.27,944.1667,984.1216,1041.6592,1023.6068,850.2861,0.8848,-0.2443,2.836,-0.1279,0.8848,-0.2443
02/09/2022 14:40,1065.2611,1065.5491,943.4568,984.028,1041.4069,1023.3618,850.4248,0.8855,-0.2443,2.8364,-0.1279,0.8855,-0.2443
02/09/2022 14:50,1064.9956,1065.6514,943.8659,983.8954,1041.407,1023.4404,850.5244,0.8855,-0.2443,2.8362,-0.1279,0.8855,-0.2443
02/09/2022 15:01,1065.1226,1065.8059,943.5012,984.1121,1041.5884,0,850.6493,0.8857,-0.2443,2.8366,-0.1279,0.8857,-0.2443
02/09/2022 15:11,1065.2615,1066.0249,943.6607,984.0342,1041.5852,1023.6722,850.7828,0.8853,-0.2443,2.8366,-0.1279,0.8853,-0.2443
02/09/2022 15:21,1065.2454,1066.0433,943.5348,984.1443,1041.8416,1023.8353,850.8651,0.8855,-0.2443,2.8373,-0.1279,0.8855,-0.2443
02/09/2022 15:31,1065.1162,1066.0559,943.3422,984.1006,1041.7418,1023.769,850.794,0.886,-0.2443,2.8366,-0.1279,0.886,-0.2443
02/09/2022 15:42,1065.078,1065.9301,943.814,984.1424,1041.8022,1023.8874,850.8743,0.886,-0.2443,2.8369,-0.1279,0.886,-0.2443
02/09/2022 15:52,1065.0183,1065.8162,943.666,984.2275,1041.7123,1023.737,850.7943,0.8851,-0.2443,2.8366,-0.1279,0.8851,-0.2443
02/09/2022 16:02,1064.8885,1065.7876,943.4853,984.0926,1041.6875,1023.7758,850.9056,0.8857,-0.2443,2.8369,-0.1279,0.8857,-0.2443
02/09/2022 16:13,1064.8484,1065.7233,943.4561,984.1087,1041.7819,1023.8807,850.9292,0.886,-0.2443,2.8364,-0.1279,0.886,-0.2443
02/09/2022 16:23,1064.7635,1065.8174,943.2929,984.1533,1041.8246,1023.9106,850.7979,0.8864,-0.2443,2.8362,-0.1279,0.8864,-0.2443
02/09/2022 16:33,1064.6914,1065.6892,943.7245,984.0969,1041.7324,1023.8654,851.0055,0.886,-0.2443,2.8366,-0.1279,0.886,-0.2443
02/09/2022 16:43,1064.6343,1065.5529,944.0559,984.2277,1041.7421,1023.8226,850.9204,0.886,-0.2443,2.8362,-0.1279,0.886,-0.2443
02/09/2022 16:54,1064.5001,1065.3623,943.226,984.1679,1041.6945,1023.7575,850.8625,0.8864,-0.2443,2.8362,-0.1279,0.8864,-0.2443
02/09/2022 17:04,1064.3903,1065.2888,943.2978,984.2897,1041.799,1023.8647,850.8763,0.8866,-0.2443,2.836,-0.1279,0.8866,-0.2443
02/09/2022 17:14,1064.3632,1065.2317,943.4362,984.1568,1041.663,1023.6075,850.621,0.8864,-0.2443,2.8362,-0.1279,0.8864,-0.2443
02/09/2022 17:24,1064.3296,1065.1177,943.2168,984.0932,1041.6873,1023.6851,850.6897,0.8864,-0.2443,2.8364,-0.1279,0.8864,-0.2443
02/09/2022 17:35,1064.2042,1065.0197,943.6347,984.1997,1041.8517,1023.9297,850.9123,0.8862,-0.2443,2.8364,-0.1279,0.8862,-0.2443
02/09/2022 17:45,1064.214,1064.8983,943.1893,984.0809,1041.6344,1023.65,850.6346,0.8866,-0.2443,2.8364,-0.1279,0.8866,-0.2443
02/09/2022 17:55,1064.1707,1064.8352,944.0985,984.1223,1041.7004,1023.697,850.6399,0.8866,-0.2443,2.836,-0.1279,0.8866,-0.2443
02/09/2022 18:16,1064.0389,1064.6257,943.5365,984.0134,1041.6089,1023.6686,850.6385,0.8864,-0.2443,2.8369,-0.1279,0.8864,-0.2443
02/09/2022 18:26,1064.0067,1064.5427,943.6606,984.0247,1041.5833,1023.6164,850.5576,0.8862,-0.2443,2.8366,-0.1279,0.8862,-0.2443
02/09/2022 18:47,1063.8928,1064.3512,943.5119,983.8813,1041.3643,1023.3739,850.3205,0.8873,-0.2443,2.8369,-0.1279,0.8873,-0.2443
02/09/2022 18:57,1063.8881,1064.3021,943.3195,984.0181,1041.4355,1023.4245,850.3253,0.8869,-0.2443,2.8362,-0.1279,0.8869,-0.2443
02/09/2022 19:07,1063.8364,1064.2484,943.3268,983.9154,1041.4066,1023.4223,850.3358,0.8864,-0.2443,2.8369,-0.1279,0.8864,-0.2443
02/09/2022 19:18,1063.8141,1064.2432,943.9384,983.8079,1041.3331,1023.3809,850.344,0.8866,-0.2443,2.8364,-0.1279,0.8866,-0.2443
02/09/2022 19:28,1063.7817,1064.2844,943.5156,983.8187,1041.3359,1023.4153,850.4221,0.8869,-0.2443,2.8371,-0.1279,0.8869,-0.2443
02/09/2022 19:48,1063.7104,1064.3175,943.8944,983.7602,1041.3092,1023.4716,850.4548,0.8869,-0.2443,2.8366,-0.1279,0.8869,-0.2443
02/09/2022 20:09,1063.6865,1064.3412,943.4365,983.8232,1041.355,1023.5535,850.5158,0.8864,-0.2443,2.836,-0.1279,0.8864,-0.2443
02/09/2022 20:19,1063.6344,1064.2528,944.0707,983.7184,1041.2684,1023.4794,850.4479,0.8873,-0.2443,2.8369,-0.1279,0.8873,-0.2443
02/09/2022 20:29,1063.62,1064.2197,943.3353,983.7391,1041.2404,1023.508,850.4529,0.8871,-0.2443,2.8364,-0.1279,0.8871,-0.2443
02/09/2022 20:40,1063.5975,1064.1772,943.643,983.7623,1041.2242,1023.5147,850.4551,0.8873,-0.2443,2.8355,-0.1279,0.8873,-0.2443
02/09/2022 20:50,1063.5911,1064.1061,943.3214,983.7928,1041.2219,1023.5042,850.3993,0.8873,-0.2443,2.8362,-0.1279,0.8873,-0.2443
02/09/2022 21:00,1063.59,1064.0895,943.7208,983.7277,1041.1901,1023.4583,850.381,0.8875,-0.2443,2.8369,-0.1279,0.8875,-0.2443
02/09/2022 21:11,1063.5699,1064.0234,943.5211,983.7429,1041.1118,1023.3813,850.2897,0.8873,-0.2443,2.8362,-0.1279,0.8873,-0.2443
02/09/2022 21:21,1063.571,1064.0118,943.5301,983.6983,1041.1046,1023.4271,850.3755,0.8873,-0.2443,2.836,-0.1279,0.8873,-0.2443
02/09/2022 21:41,1063.5914,1064.0745,943.3293,983.9858,1041.2231,1023.539,850.6223,0.888,-0.2443,2.8362,-0.1279,0.888,-0.2443
02/09/2022 21:52,1063.594,1063.9319,943.4149,984.0101,1041.161,1023.4172,850.5486,0.8875,-0.2443,2.8355,-0.1279,0.8875,-0.2443
02/09/2022 22:02,1063.5863,1063.8433,943.6738,984.0482,1041.0389,1023.2314,850.4127,0.8873,-0.2443,2.8353,-0.1279,0.8873,-0.2443
02/09/2022 22:12,1063.5623,1063.781,943.8653,984.0913,1040.8918,1023.075,850.3362,0.8875,-0.2443,2.8353,-0.1279,0.8875,-0.2443
02/09/2022 22:22,1063.507,1063.6552,943.5316,984.1631,1040.629,1022.7117,850.0851,0.8875,-0.2443,2.8353,-0.1279,0.8875,-0.2443
02/09/2022 22:43,1063.3801,1063.4536,943.8965,984.1272,1040.291,1021.9478,849.7313,0.8873,-0.2443,2.8351,-0.1279,0.8873,-0.2443
02/09/2022 22:53,1063.2822,1063.3265,943.4344,984.0583,1040.207,1021.7504,849.5671,0.8877,-0.2443,2.8351,-0.1279,0.8877,-0.2443
02/09/2022 23:04,1063.2129,1063.2714,943.2166,984.0268,1040.1062,1021.4626,849.4542,0.8877,-0.2443,2.8344,-0.1279,0.8877,-0.2443
02/09/2022 23:14,1063.1821,1063.2357,943.9952,984.0928,1040.1095,1021.3807,849.4332,0.8875,-0.2443,2.8344,-0.1279,0.8875,-0.2443
02/09/2022 23:24,1063.1669,1063.2472,943.4667,984.0922,1040.0863,1021.2859,849.3734,0.8873,-0.2443,2.8346,-0.1279,0.8873,-0.2443
02/09/2022 23:34,1063.1172,1063.239,943.7967,984.0941,1040.0796,1021.2819,849.4009,0.8873,-0.2443,2.8344,-0.1279,0.8873,-0.2443
02/09/2022 23:45,1063.1321,1063.2734,944.0809,984.1315,1040.0961,1021.2782,849.4136,0.8884,-0.2443,2.8344,-0.1279,0.8884,-0.2443
02/09/2022 23:55,1063.0715,1063.1859,944.1681,984.0324,1039.9762,1021.0137,849.2983,0.888,-0.2443,2.8339,-0.1279,0.888,-0.2443
03/09/2022 00:05,1063.0474,1063.1731,943.7251,984.1165,1039.9677,1020.9926,849.3066,0.8882,-0.2443,2.8344,-0.1279,0.8882,-0.2443
03/09/2022 00:15,1063.0444,1063.1653,943.7796,983.9887,1039.8716,1020.8345,849.2391,0.8882,-0.2443,2.8339,-0.1279,0.8882,-0.2443
03/09/2022 00:26,1063.0255,1063.162,943.4809,984.0137,1039.8961,1020.8221,849.2184,0.888,-0.2443,2.8335,-0.1279,0.888,-0.2443
03/09/2022 00:36,1063.0013,1063.1777,944.0187,984.0963,1039.944,1020.9349,849.3099,0.888,-0.2443,2.8335,-0.1279,0.888,-0.2443
03/09/2022 00:46,1062.949,1063.0939,943.9214,983.9891,1039.8301,1020.7178,849.1208,0.8884,-0.2443,2.8335,-0.1279,0.8884,-0.2443
03/09/2022 00:57,1062.9285,1063.1292,943.7287,984.0718,1039.8176,1020.6649,849.1143,0.888,-0.2443,2.833,-0.1279,0.888,-0.2443
03/09/2022 01:07,1062.9219,1063.1151,944.087,984.021,1039.8542,1020.7703,849.1586,0.8886,-0.2443,2.833,-0.1279,0.8886,-0.2443
03/09/2022 01:17,1062.8744,1063.0751,943.354,983.9583,1039.7627,1020.6539,849.0577,0.8886,-0.2443,2.833,-0.1279,0.8886,-0.2443
03/09/2022 01:27,1062.8834,1063.1143,943.9835,984.0063,1039.8091,1020.7831,849.1122,0.8886,-0.2443,2.833,-0.1279,0.8886,-0.2443
03/09/2022 01:38,1062.8953,1063.0851,943.238,984.0222,1039.8813,1020.8755,849.1437,0.8886,-0.2443,2.833,-0.1279,0.8886,-0.2443
03/09/2022 01:48,1062.8875,1063.1259,943.3916,983.9865,1039.8328,1020.7855,849.1072,0.8886,-0.2443,2.8335,-0.1279,0.8886,-0.2443
03/09/2022 01:58,1062.8912,1063.1174,943.5208,984.012,1039.8801,1021.0716,849.1621,0.8889,-0.2443,2.8335,-0.1279,0.8889,-0.2443
03/09/2022 02:08,1062.9224,1063.1381,943.3963,984.0829,1039.9362,1021.2981,849.2667,0.8891,-0.2443,2.8335,-0.1279,0.8891,-0.2443
03/09/2022 02:19,1062.96,1063.1462,943.3679,984.0837,1039.9816,1021.4612,849.3528,0.8884,-0.2443,2.8335,-0.1279,0.8884,-0.2443
03/09/2022 02:29,1062.939,1063.129,943.8704,984.0875,1039.9283,1021.4194,849.2745,0.8884,-0.2443,2.8326,-0.1279,0.8884,-0.2443
03/09/2022 02:39,1062.9011,1063.1261,944.1462,984.0861,1039.9196,1021.1987,849.2148,0.8889,-0.2443,2.8326,-0.1279,0.8889,-0.2443
03/09/2022 02:50,1062.9231,1063.1477,943.4391,984.0236,1039.906,1021.1044,849.1716,0.8893,-0.2443,2.8333,-0.1279,0.8893,-0.2443
03/09/2022 03:00,1062.9208,1063.1396,943.8003,984.0692,1039.8922,1020.9406,849.1797,0.89,-0.2443,2.8328,-0.1279,0.89,-0.2443
03/09/2022 03:10,1062.8929,1063.1089,943.2379,984.0145,1039.8152,1020.7635,849.0687,0.8895,-0.2443,2.8328,-0.1279,0.8895,-0.2443
03/09/2022 03:20,1062.8519,1063.1082,943.9612,984.0662,1039.7922,1020.7756,849.0314,0.8889,-0.2443,2.8323,-0.1279,0.8889,-0.2443
03/09/2022 03:31,1062.908,1063.1588,943.7428,984.0101,1039.7325,1020.5946,849.0076,0.8893,-0.2443,2.8333,-0.1279,0.8893,-0.2443
03/09/2022 03:41,1062.8904,1063.4825,944.0747,984.1414,1039.8092,1020.5875,849.0193,0.8886,-0.2443,2.8326,-0.1279,0.8886,-0.2443
03/09/2022 03:51,1062.877,1063.4119,943.3552,984.0444,1039.7371,1020.5546,848.9783,0.8889,-0.2443,2.8326,-0.1279,0.8889,-0.2443
03/09/2022 04:01,1062.8948,1063.4763,943.8585,984.1102,1039.8086,1020.6532,848.9911,0.8886,-0.2443,2.8317,-0.1279,0.8886,-0.2443
03/09/2022 04:12,1062.8451,1063.4576,943.5459,984.1125,1039.7694,1020.4922,848.95,0.8889,-0.2443,2.8319,-0.1279,0.8889,-0.2443
03/09/2022 04:22,1062.8311,1063.4451,943.539,984.124,1039.7795,1020.4737,848.9662,0.89,-0.2443,2.8321,-0.1279,0.89,-0.2443
03/09/2022 04:32,1062.7538,1063.3834,943.4123,984.0536,1039.799,1020.5001,848.9222,0.8898,-0.2443,2.8323,-0.1279,0.8898,-0.2443
03/09/2022 04:53,1062.7061,1063.4297,944.1136,984.0704,1039.8143,1020.7275,848.8619,0.8893,-0.2443,2.8323,-0.1279,0.8893,-0.2443
03/09/2022 05:03,1062.682,1063.4376,943.4777,984.144,1039.847,1020.6277,848.9122,0.8893,-0.2443,2.8319,-0.1279,0.8893,-0.2443
03/09/2022 05:13,1062.7036,1063.3865,943.3101,984.0975,1039.7915,1020.4874,848.8481,0.8893,-0.2443,2.8319,-0.1279,0.8893,-0.2443
03/09/2022 05:34,1062.524,1063.2399,943.477,983.973,1039.6692,1020.3387,848.635,0.8893,-0.2443,2.8321,-0.1279,0.8893,-0.2443
03/09/2022 05:44,1062.5757,1063.2732,944.0272,984.0598,1039.7053,1020.4075,848.663,0.8891,-0.2443,2.8314,-0.1279,0.8891,-0.2443
03/09/2022 05:54,1062.6128,1063.2489,944.1428,984.0093,1039.6746,1020.3578,848.6533,0.8891,-0.2443,2.8319,-0.1279,0.8891,-0.2443
03/09/2022 06:15,1062.6914,1063.1938,943.772,983.9174,1039.6349,1020.3932,848.6245,0.8898,-0.2443,2.8317,-0.1279,0.8898,-0.2443
03/09/2022 06:25,1062.7324,1063.0649,943.223,983.7862,1039.4908,1020.2099,848.4084,0.8898,-0.2443,2.8317,-0.1279,0.8898,-0.2443
03/09/2022 06:36,1062.7488,1062.9116,943.6987,983.6213,1039.3059,1019.9936,848.2052,0.8895,-0.2443,2.8317,-0.1279,0.8895,-0.2443
03/09/2022 06:46,1062.8856,1062.8035,943.8733,983.5129,1039.2118,1020.0024,848.1294,0.8895,-0.2443,2.8317,-0.1279,0.8895,-0.2443
03/09/2022 06:56,1063.0082,1062.6196,943.5076,983.3063,1039.0122,1019.9026,847.915,0.8895,-0.2443,2.8314,-0.1279,0.8895,-0.2443
03/09/2022 07:06,1063.1035,1062.5066,943.5754,983.1943,1038.8949,1019.8792,847.7867,0.8898,-0.2443,2.8321,-0.1279,0.8898,-0.2443
03/09/2022 07:27,1063.3645,1062.5468,943.3943,983.2234,1038.9513,1019.9973,847.8718,0.8898,-0.2443,2.831,-0.1279,0.8898,-0.2443
03/09/2022 07:37,1063.4615,1062.5225,944.0422,983.1718,1038.9158,1019.8917,847.8467,0.8898,-0.2443,2.8314,-0.1279,0.8898,-0.2443
03/09/2022 07:48,1063.5422,1062.458,944.0924,983.1139,1038.8604,1019.7136,847.7542,0.8898,-0.2443,2.8321,-0.1279,0.8898,-0.2443
03/09/2022 08:08,1063.7595,1062.3179,943.5059,983.0403,1038.8376,1019.8358,847.8173,0.8902,-0.2443,2.8317,-0.1279,0.8902,-0.2443
03/09/2022 08:18,1063.8918,1062.1948,943.8628,982.9083,1038.6998,1019.7263,847.7099,0.8904,-0.2443,2.8323,-0.1279,0.8904,-0.2443
03/09/2022 08:27,1071.7566,1062.156,943.931,982.7822,1038.5972,1019.6644,847.6325,0.8902,-0.2443,2.8319,-0.1279,0.8902,-0.2443
03/09/2022 08:38,1071.7359,1062.012,943.9103,982.713,1038.5452,1019.749,847.5917,0.8895,-0.2443,2.8319,-0.1279,0.8895,-0.2443
03/09/2022 08:48,1071.1167,1061.973,943.2911,982.6346,1038.55,1019.9984,847.6876,0.8891,-0.2443,2.8319,-0.1279,0.8891,-0.2443
03/09/2022 08:58,1071.7088,1062.062,943.8832,982.6557,1038.6254,1020.2036,847.7653,0.8891,-0.2443,2.8323,-0.1279,0.8891,-0.2443
03/09/2022 09:08,1071.0302,1062.1611,943.2046,982.7635,1038.6978,1020.3528,847.8296,0.8886,-0.2443,2.8326,-0.1279,0.8886,-0.2443
03/09/2022 09:19,1071.2111,1061.7144,943.3855,982.2861,1038.2754,1020.1385,847.4655,0.8891,-0.2443,2.8321,-0.1279,0.8891,-0.2443
03/09/2022 09:29,1071.228,1061.474,943.4024,981.9694,1037.9686,1020.0095,847.1946,0.8893,-0.2443,2.8328,-0.1279,0.8893,-0.2443
03/09/2022 09:39,1071.2342,1060.8723,943.4086,981.7961,1037.8669,1020.0627,847.0762,0.8893,-0.2443,2.8323,-0.1279,0.8893,-0.2443
03/09/2022 09:50,1071.3317,1060.9114,943.5061,981.7549,1037.8872,1020.222,847.0842,0.8891,-0.2443,2.8337,-0.1279,0.8891,-0.2443
03/09/2022 10:00,1071.3785,1061.1016,943.5529,981.9665,1038.1272,1020.5035,847.2952,0.8889,-0.2443,2.8323,-0.1279,0.8889,-0.2443
03/09/2022 10:10,1071.6668,1061.29,943.8412,982.019,1038.3279,1020.7335,847.4711,0.8889,-0.2443,2.8335,-0.1279,0.8889,-0.2443
03/09/2022 10:20,1071.4669,1061.3359,943.6413,982.0624,1038.3901,1020.7809,847.5649,0.8886,-0.2443,2.8328,-0.1279,0.8886,-0.2443
03/09/2022 10:31,1071.9317,1061.468,944.1061,982.1746,1038.5977,1021.0455,847.6893,0.8886,-0.2443,2.8333,-0.1279,0.8886,-0.2443
03/09/2022 10:41,1071.0013,1061.5476,943.1757,982.1811,1038.7588,1021.2106,847.866,0.888,-0.2443,2.8326,-0.1279,0.888,-0.2443
03/09/2022 10:51,1071.4509,1061.636,943.6253,982.1765,1038.8279,1021.1761,847.7841,0.8882,-0.2443,2.8335,-0.1279,0.8882,-0.2443
03/09/2022 11:02,1071.4732,1061.8893,943.6476,982.3872,1039.1542,1021.5266,848.1344,0.8882,-0.2443,2.8339,-0.1279,0.8882,-0.2443
03/09/2022 11:12,1071.8986,1062.0227,944.073,982.4173,1039.3755,1021.7084,848.3104,0.8875,-0.2443,2.8335,-0.1279,0.8875,-0.2443
03/09/2022 11:22,1071.432,1061.9957,943.6064,982.4555,1039.4376,1021.7308,848.3569,0.8875,-0.2443,2.8335,-0.1279,0.8875,-0.2443
03/09/2022 11:32,1071.4978,1062.254,943.6722,982.5529,1039.7305,1022.0064,848.6961,0.8871,-0.2443,2.8335,-0.1279,0.8871,-0.2443
03/09/2022 11:43,1071.2351,1062.5452,943.4095,982.8457,1040.0594,1022.312,849.0168,0.8873,-0.2443,2.8339,-0.1279,0.8873,-0.2443
03/09/2022 11:53,1071.1283,1062.9407,943.3027,983.0147,1040.1613,1022.4284,849.2697,0.8873,-0.2443,2.8335,-0.1279,0.8873,-0.2443
03/09/2022 12:03,1071.9153,1063.0078,944.0897,983.0713,1040.3502,1022.6386,849.499,0.8869,-0.2443,2.8339,-0.1279,0.8869,-0.2443
03/09/2022 12:13,1071.1022,1062.9852,943.2766,982.8765,1040.1326,1022.33,849.2802,0.8871,-0.2443,2.8346,-0.1279,0.8871,-0.2443
03/09/2022 12:24,1071.5614,1063.0421,943.7358,982.7846,1040.1393,1022.3222,849.2179,0.8869,-0.2443,2.8346,-0.1279,0.8869,-0.2443
03/09/2022 12:34,1071.6032,1063.202,943.7776,982.9688,1040.4391,1022.6101,849.509,0.8864,-0.2443,2.8346,-0.1279,0.8864,-0.2443
03/09/2022 12:44,1071.0718,1063.3469,943.2462,982.8127,1040.2847,1022.4754,849.4034,0.8869,-0.2443,2.8346,-0.1279,0.8869,-0.2443
03/09/2022 12:54,1071.2725,1063.611,943.4469,983.0213,1040.4641,1022.6404,849.5726,0.8864,-0.2443,2.8348,-0.1279,0.8864,-0.2443
03/09/2022 13:05,1071.2762,1063.9148,943.4506,983.256,1040.8062,1022.9746,849.9269,0.886,-0.2443,2.8342,-0.1279,0.886,-0.2443
03/09/2022 13:15,1071.6179,1064.0868,943.7923,983.1378,1040.6605,1022.848,849.7957,0.8862,-0.2443,2.8348,-0.1279,0.8862,-0.2443
03/09/2022 13:25,1071.3293,1064.2144,943.5037,983.2722,1040.7448,1022.9409,849.9606,0.8862,-0.2443,2.8346,-0.1279,0.8862,-0.2443
03/09/2022 13:36,1071.1853,1064.4358,943.3597,983.3679,1040.8167,1022.8473,849.9545,0.8862,-0.2443,2.8353,-0.1279,0.8862,-0.2443
03/09/2022 13:46,1071.0168,1064.6572,943.1912,983.5132,1041.0939,1022.9418,849.7672,0.8853,-0.2443,2.8351,-0.1279,0.8853,-0.2443
03/09/2022 13:56,1071.4969,1065.0051,943.6713,983.5456,1041.0374,1023.0988,850.0472,0.886,-0.2443,2.8353,-0.1279,0.886,-0.2443
03/09/2022 14:06,1071.9663,1065.1021,944.1407,983.4901,1041.1456,1023.2462,850.1934,0.8864,-0.2443,2.8355,-0.1279,0.8864,-0.2443
03/09/2022 14:17,1071.9467,1065.5214,944.1211,983.6748,1041.2502,1023.3734,850.2836,0.8857,-0.2443,2.8351,-0.1279,0.8857,-0.2443
03/09/2022 14:27,1071.8356,1065.6179,944.01,983.7884,1041.224,1023.297,850.2653,0.8862,-0.2443,2.8357,-0.1279,0.8862,-0.2443
03/09/2022 14:37,1071.7109,1065.7295,943.8853,983.8997,1041.3934,1023.422,850.3746,0.886,-0.2443,2.8355,-0.1279,0.886,-0.2443
03/09/2022 14:47,1071.446,1065.8418,943.6204,983.7625,1041.2585,1023.3215,850.3149,0.886,-0.2443,2.8351,-0.1279,0.886,-0.2443
03/09/2022 14:58,1071.9585,1065.991,944.1329,983.674,1041.3519,1023.4958,850.5288,0.8862,-0.2443,2.8351,-0.1279,0.8862,-0.2443
03/09/2022 15:08,1071.2982,1066.1317,943.4725999999999,983.831,1041.4172,1023.561,850.6417,0.8857,-0.2443,2.8355,-0.1279,0.8857,-0.2443
03/09/2022 15:18,1071.4366,1066.348,943.611,984.0167,1041.5645,1023.6237,850.6998,0.886,-0.2443,2.836,-0.1279,0.886,-0.2443
